Protein_Name	LFQ_C37BM	LFQ_C38BM	LFQ_C39BM	LFQ_C37PM	LFQ_C38PM	LFQ_C39PM	LFQ_C37PPM	LFQ_C38PPM	LFQ_C39PPM	LFQ_C37BN	LFQ_C39BN	LFQ_C37PN	LFQ_C39PN	LFQ_C37PPN	LFQ_C39PPN	LFQ_C37BS	LFQ_C38BS	LFQ_C39BS	LFQ_C37PS	LFQ_C38PS	LFQ_C39PS	LFQ_C37PPS	LFQ_C38PPS	LFQ_C39PPS	LFQ_C37BW3	LFQ_C38BW3	LFQ_C39BW3	LFQ_C37PW3	LFQ_C38PW3	LFQ_C39PW3	LFQ_C37PPW3	LFQ_C38PPW3	LFQ_C39PPW3
Carboxypeptidase B2	20.2056217193604	20.7364482879639	19.5491485595703	20.4539260864258	21.0184211730957	20.5759792327881	20.8018341064453	20.9358177185059	21.9633865356445	20.5155696868896	20.7287483215332	20.6055774688721	20.0289096832275	NA	21.1862239837646	20.9140777587891	20.3409328460693	21.095645904541	19.1693515777588	20.4788208007813	20.1037998199463	20.5047492980957	20.126033782959	20.4453620910645	20.7870807647705	NA	20.6103610992432	20.6003227233887	NA	21.493408203125	20.1141338348389	NA	22.189001083374
Transthyretin	21.6993923187256	22.5071220397949	23.2738380432129	21.8778495788574	21.9883251190186	20.1174354553223	22.6143665313721	22.5754718780518	18.4122886657715	21.6094608306885	20.3453788757324	22.0559635162354	NA	NA	21.3972301483154	21.0101776123047	22.7212982177734	21.4650821685791	22.1646900177002	23.1872959136963	22.9359264373779	21.3737964630127	23.5311241149902	19.0432147979736	21.6202869415283	NA	17.7449779510498	23.0189800262451	22.1640758514404	NA	22.9962100982666	21.9859657287598	18.1923885345459
Glutathione peroxidase;Glutathione peroxidase 3	20.5031967163086	20.2944583892822	22.9083728790283	20.1947231292725	19.6108665466309	20.412971496582	20.9869022369385	20.2470188140869	20.6238174438477	21.236255645752	20.4244976043701	20.5424575805664	20.0141353607178	NA	21.2068138122559	20.7131385803223	20.1480541229248	20.4651317596436	20.5808620452881	20.0747013092041	22.6090545654297	19.937328338623	21.077507019043	20.2078857421875	20.8029384613037	NA	19.8237342834473	20.9529056549072	NA	21.0935859680176	20.3237762451172	21.181619644165	20.71044921875
Complement C1s subcomponent;Complement C1s subcomponent heavy chain;Complement C1s subcomponent light chain	20.4130744934082	19.7819519042969	18.7618885040283	20.4482898712158	20.8686866760254	20.4023914337158	20.385534286499	20.6435928344727	20.2677383422852	NA	20.2662506103516	20.1984443664551	21.9553565979004	NA	19.7727375030518	19.9771518707275	21.0186920166016	20.7645797729492	19.5005531311035	20.2365474700928	NA	20.2773056030273	NA	20.558895111084	21.0338230133057	NA	21.1115894317627	19.5482273101807	NA	19.740291595459	20.1570911407471	NA	20.4350185394287
Serum amyloid A-4 protein	23.3042411804199	26.0042324066162	27.3968906402588	24.2508983612061	25.2750473022461	23.4563846588135	25.4111881256104	25.6783924102783	22.7622089385986	25.9293117523193	24.6884841918945	26.016185760498	23.3071632385254	23.2195129394531	26.7845668792725	24.3466510772705	26.3655967712402	24.3705940246582	25.8591327667236	27.0462474822998	26.4788341522217	24.0534954071045	27.4450588226318	24.0152072906494	24.4939937591553	25.4429092407227	22.3727340698242	26.1772346496582	26.1481590270996	24.8711719512939	25.6919498443604	25.6709041595459	21.8478927612305
Ig gamma-1 chain C region	24.1226577758789	23.7968940734863	22.1891822814941	24.0431003570557	24.2783832550049	23.6731433868408	24.0149517059326	23.9508247375488	23.7078838348389	23.7890510559082	23.5688304901123	24.0675964355469	24.7476558685303	NA	23.6050109863281	24.0947456359863	23.7538909912109	23.6531600952148	23.9141521453857	23.2635612487793	21.3334178924561	24.1596183776855	21.2811031341553	23.9798049926758	24.4490966796875	20.8715476989746	24.1689033508301	23.6100921630859	21.1797389984131	23.3345642089844	24.7198371887207	20.5069770812988	23.6999645233154
Complement C1q subcomponent subunit B	20.3926773071289	20.5997791290283	NA	21.0842056274414	20.0256690979004	19.9810600280762	20.7366962432861	20.9695129394531	NA	20.7464065551758	20.4325752258301	20.7487010955811	21.1937007904053	NA	21.0677604675293	21.1082744598389	20.5859127044678	20.175968170166	20.6005954742432	20.6129722595215	NA	19.9050998687744	20.124267578125	20.641300201416	21.0502605438232	NA	20.2063369750977	NA	NA	20.5952320098877	20.3980121612549	NA	19.3500709533691
Integrin-linked protein kinase	19.2829704284668	22.0625648498535	19.2896728515625	19.5229034423828	21.1794357299805	19.7109870910645	19.9989318847656	21.5867366790771	20.0500602722168	19.5213508605957	19.7622947692871	19.7164249420166	20.2725296020508	NA	20.2933368682861	19.6359272003174	21.230110168457	20.1043128967285	19.7763080596924	21.3477592468262	NA	19.0564517974854	21.0835571289063	19.7075214385986	20.3994731903076	NA	20.1423320770264	20.318489074707	NA	21.525447845459	20.6570053100586	NA	20.6693420410156
Immunoglobulin lambda-like polypeptide 5;Ig lambda-1 chain C regions	21.6545581817627	20.842378616333	22.3406066894531	21.0803718566895	20.6163864135742	21.3477058410645	22.0695629119873	21.3931503295898	NA	22.0130786895752	21.6484279632568	21.7487010955811	NA	NA	22.324764251709	21.4784259796143	NA	21.0507926940918	21.2759418487549	20.8158149719238	22.0332527160645	21.1989841461182	NA	18.5602207183838	21.2903594970703	NA	20.2258796691895	21.3882694244385	NA	21.7051429748535	21.9825572967529	NA	20.2628154754639
S4R460;A0A0B4J2B5	20.8328304290771	21.4216766357422	NA	20.8044376373291	21.8676319122314	21.1043758392334	20.5021286010742	21.6525478363037	21.1150875091553	20.287712097168	20.209077835083	20.6707248687744	21.4148292541504	NA	20.5669059753418	NA	21.6539916992188	21.4679203033447	20.3455963134766	21.0349655151367	NA	20.5962333679199	19.8554706573486	20.2863597869873	21.0020275115967	NA	21.6187191009521	20.6085586547852	NA	20.2402782440186	21.5923137664795	NA	20.8327541351318
Complement C4-A;Complement C4 beta chain;Complement C4-A alpha chain;C4a anaphylatoxin;C4b-A;C4d-A;Complement C4 gamma chain	21.0816078186035	20.441822052002	20.0458030700684	21.2041301727295	21.6904678344727	21.0111351013184	20.0800476074219	20.6365299224854	20.7323131561279	20.4565353393555	19.848258972168	20.4269561767578	21.7053546905518	NA	19.9079170227051	20.3826866149902	20.7182483673096	21.2058601379395	20.4632377624512	20.7477169036865	19.1918106079102	20.3083038330078	NA	20.4373569488525	21.4623889923096	NA	21.846248626709	20.4561328887939	NA	18.7219409942627	20.4597396850586	NA	20.3842697143555
Vitamin K-dependent protein S	20.7351264953613	18.4535446166992	NA	21.3931503295898	21.1695613861084	20.7839660644531	20.03684425354	19.5735950469971	20.2166748046875	18.7321472167969	19.9835662841797	20.4424285888672	19.8840217590332	NA	18.6685810089111	19.5686130523682	20.3464622497559	20.2783260345459	21.1691932678223	19.2935161590576	19.8723735809326	20.869815826416	NA	21.9029750823975	19.0315780639648	NA	20.5003795623779	NA	NA	18.9851245880127	19.0389881134033	NA	20.956880569458
Selenoprotein P	20.7577610015869	21.0096321105957	NA	20.6744365692139	20.2359619140625	20.3390846252441	21.5820579528809	20.6248874664307	20.708345413208	21.6497001647949	NA	21.4906692504883	NA	NA	21.1986846923828	20.5058155059814	19.8477096557617	20.8897800445557	21.019100189209	20.4733810424805	22.2002429962158	20.0904216766357	22.1929187774658	19.9417762756348	20.470006942749	NA	20.553279876709	20.5577735900879	NA	21.4175624847412	20.8030967712402	NA	21.3458671569824
Ig alpha-1 chain C region	23.3554153442383	23.1109848022461	21.7881164550781	23.7005996704102	23.3800735473633	22.8403434753418	23.6439437866211	23.4176387786865	22.520565032959	23.2063369750977	22.3213272094727	23.752462387085	23.2199115753174	NA	22.6747169494629	23.4063930511475	23.2596874237061	22.7338447570801	23.4924049377441	23.0584087371826	21.1713333129883	23.4785251617432	22.2638473510742	22.62477684021	23.3132667541504	21.7401599884033	22.9399299621582	23.3352451324463	21.628942489624	21.9640579223633	24.3399410247803	20.8407649993896	22.8393440246582
Ig kappa chain V-I region AU;Ig kappa chain V-I region AG	19.6069145202637	18.9887065887451	NA	19.7688980102539	18.8832454681396	18.9592609405518	19.9813385009766	19.4010162353516	17.0118160247803	19.8116664886475	19.4168300628662	20.3910007476807	19.384838104248	NA	19.6960849761963	19.9254379272461	18.8409805297852	18.9952373504639	19.5582218170166	19.0232353210449	NA	19.1539535522461	19.3055229187012	18.7705612182617	19.7720756530762	NA	17.2263736724854	19.9127044677734	NA	19.1698417663574	19.9853744506836	NA	17.2004585266113
Alpha-enolase;Enolase	20.9166316986084	20.3215751647949	21.0671691894531	19.987735748291	19.6074199676514	19.2877578735352	20.098669052124	20.0911979675293	19.6787071228027	20.8178462982178	21.0634212493896	20.5102653503418	21.8521289825439	25.9786930084229	20.2162017822266	20.6907253265381	19.8499851226807	20.692684173584	19.9265689849854	20.3889007568359	21.5848579406738	20.3562755584717	21.5628128051758	20.29860496521	21.2086601257324	20.9909229278564	20.1155319213867	20.8746280670166	20.2215213775635	20.5401878356934	20.0496616363525	21.774787902832	19.8237972259521
Complement factor H-related protein 2	19.9126758575439	21.0567569732666	20.1954441070557	19.6295032501221	19.9633865356445	20.124267578125	20.1967658996582	21.0977058410645	19.3708190917969	20.5779151916504	20.3843746185303	20.5917663574219	20.2347946166992	NA	20.828577041626	19.8344211578369	20.7269191741943	20.1224994659424	20.5245876312256	21.0770511627197	20.1819229125977	20.058012008667	21.4958000183105	20.1872501373291	20.1570911407471	NA	19.2118129730225	20.4802017211914	NA	20.3373432159424	20.0668411254883	NA	19.5816345214844
Complement C1r subcomponent;Complement C1r subcomponent heavy chain;Complement C1r subcomponent light chain	19.9197483062744	20.1170539855957	18.7437953948975	20.034294128418	19.8178768157959	20.8743267059326	19.8896903991699	20.4869918823242	21.0661182403564	19.2243747711182	19.7784099578857	20.042064666748	20.5050392150879	NA	20.0598621368408	19.7996711730957	20.2151355743408	20.1989250183105	19.8107566833496	20.2572994232178	NA	19.7047710418701	NA	20.4068603515625	20.2786674499512	NA	20.9275226593018	19.3821392059326	NA	20.1040554046631	19.6670036315918	NA	20.7325611114502
Ig kappa chain V-II region FR;Ig kappa chain V-II region Cum	20.5796661376953	20.2272911071777	NA	20.0701217651367	20.1677856445313	20.7939205169678	20.6130619049072	20.4093494415283	19.5121765136719	20.2781009674072	NA	20.5127754211426	20.8169078826904	NA	20.6186294555664	20.4164791107178	20.240629196167	20.3724136352539	20.2077674865723	20.2319850921631	NA	19.8766059875488	NA	20.7273349761963	20.0463352203369	NA	19.4274272918701	20.3150653839111	NA	20.9883594512939	20.8012828826904	NA	19.1509075164795
Plasma protease C1 inhibitor	20.3571357727051	20.8177680969238	21.7993068695068	20.3780364990234	21.2859077453613	20.7120475769043	20.6826038360596	20.5163383483887	21.412971496582	21.009973526001	20.499698638916	20.8049087524414	20.8000183105469	NA	21.6639671325684	20.7385120391846	20.3250942230225	20.6145915985107	20.8589344024658	20.555154800415	21.9616222381592	20.1109523773193	21.4028072357178	21.1023273468018	20.0642108917236	NA	20.6800289154053	20.5734844207764	20.4990158081055	22.1187019348145	20.7417240142822	21.2155494689941	21.8552112579346
Apolipoprotein C-III	21.6786556243896	23.1755123138428	24.4893455505371	21.1867065429688	22.9123973846436	21.1463775634766	21.9679660797119	23.1100597381592	19.6567249298096	24.3250541687012	22.2796592712402	21.4492473602295	21.8342208862305	21.1974258422852	22.2643337249756	22.1371479034424	22.0569229125977	21.5747776031494	23.8612651824951	22.4572868347168	23.6270065307617	21.1228790283203	24.1812419891357	20.8033332824707	22.5192699432373	23.6357765197754	20.2031135559082	23.4014549255371	23.6641635894775	20.6463203430176	22.8496685028076	23.4541263580322	20.2137126922607
Complement factor B;Complement factor B Ba fragment;Complement factor B Bb fragment	22.6173973083496	22.4611644744873	21.5269298553467	22.576831817627	23.7728366851807	22.6719779968262	22.1898155212402	22.3365802764893	21.9761371612549	21.0174007415771	20.7535228729248	21.3392467498779	21.7547473907471	NA	20.8115100860596	21.717830657959	23.1949939727783	21.357458114624	21.9181976318359	22.0177745819092	20.2455101013184	22.3775062561035	NA	22.0570869445801	22.4860095977783	NA	22.2234668731689	21.6150856018066	NA	21.1116523742676	22.3958702087402	NA	21.6311645507813
Vitamin D-binding protein	20.9441375732422	21.3464622497559	NA	20.7287483215332	20.8331394195557	20.931640625	20.8711719512939	21.0903587341309	21.2482929229736	20.2703628540039	20.7131385803223	20.9529056549072	NA	NA	22.0446357727051	20.5361137390137	21.0483989715576	22.1531677246094	21.280366897583	20.6063899993896	20.9580154418945	20.6941299438477	20.6028614044189	20.8479690551758	20.7292461395264	20.4942378997803	22.0711040496826	20.3433208465576	20.2936744689941	21.6795997619629	21.6959571838379	NA	21.3389759063721
Complement component C8 beta chain	20.6856861114502	21.6291198730469	19.8565349578857	20.4626388549805	21.2837047576904	20.9787578582764	20.7792453765869	21.6092796325684	21.5928173065186	20.0363082885742	20.3653831481934	20.6543846130371	20.2851181030273	NA	20.9563140869141	20.2562637329102	20.9095439910889	20.7076721191406	20.555154800415	20.4301261901855	18.8208713531494	20.6802024841309	NA	20.4904232025146	20.9489917755127	NA	21.0532474517822	20.0349655151367	NA	20.7280006408691	20.7023544311523	NA	21.6376342773438
Protein Z-dependent protease inhibitor	19.9288539886475	NA	20.1052074432373	20.4199810028076	19.2765102386475	19.9040546417236	20.7357864379883	20.1719436645508	19.8919467926025	20.9670524597168	19.5893363952637	NA	19.2768974304199	NA	NA	19.9091053009033	19.4078769683838	20.1531372070313	20.3490562438965	19.761547088623	20.0615768432617	20.2521114349365	19.9970035552979	18.4674625396729	20.7096939086914	NA	20.3729457855225	20.9567394256592	NA	19.6510238647461	20.0247230529785	NA	20.1579532623291
Plasma kallikrein;Plasma kallikrein heavy chain;Plasma kallikrein light chain	19.0112705230713	18.6231746673584	NA	19.5101108551025	18.5931720733643	18.6267433166504	19.7498474121094	18.6285591125488	18.5428352355957	18.5404148101807	18.0284786224365	19.1006717681885	18.5290946960449	NA	18.0393905639648	18.2300395965576	18.6549434661865	18.2444190979004	18.950288772583	18.3986186981201	NA	18.6727981567383	NA	18.9974174499512	18.881275177002	NA	18.8027191162109	18.3768291473389	NA	18.283332824707	18.3419094085693	NA	19.2923488616943
Apolipoprotein C-I;Truncated apolipoprotein C-I	22.2969532012939	23.9543800354004	25.244197845459	21.5381526947021	22.8278980255127	22.2662220001221	23.4418983459473	24.172492980957	20.8329849243164	26.0433921813965	23.5152072906494	22.3840065002441	NA	NA	23.5898952484131	23.5550842285156	22.2291412353516	NA	24.5440979003906	23.4340267181396	24.4312229156494	21.9595012664795	25.7011032104492	NA	22.9796485900879	26.1882781982422	NA	NA	NA	22.6631870269775	23.4347896575928	24.3823833465576	21.3677310943604
Chloride intracellular channel protein 1	19.6455993652344	21.3850078582764	19.7801742553711	19.8424701690674	20.275146484375	19.4188079833984	19.3389320373535	20.7900276184082	17.7283325195313	19.6898040771484	20.1044406890869	19.26051902771	19.7668781280518	NA	20.1531372070313	19.7808799743652	20.7563762664795	20.371883392334	19.4605598449707	20.7318992614746	20.5339298248291	19.5125637054443	21.3031272888184	19.3612117767334	20.5928611755371	NA	18.6187000274658	20.2601757049561	NA	20.0588054656982	20.5943202972412	20.0519199371338	18.9719429016113
Apolipoprotein L1	22.1654262542725	22.9298000335693	24.0388374328613	22.1169586181641	22.8788604736328	21.8330631256104	22.3316974639893	23.2579612731934	20.3837413787842	23.9060974121094	23.1065654754639	22.5493602752686	22.5360660552979	NA	23.2142601013184	23.0638008117676	22.4910106658936	22.033655166626	22.8432598114014	22.9803619384766	23.455883026123	22.1524868011475	NA	21.6235046386719	23.0322093963623	NA	20.5912189483643	22.3256168365479	22.9154834747314	22.4620895385742	22.5366840362549	NA	20.7606868743896
CD5 antigen-like	21.1030960083008	21.0366439819336	NA	20.8971862792969	20.5002822875977	NA	20.589391708374	21.0953884124756	21.0501937866211	20.7651462554932	20.8946723937988	21.4551296234131	20.8273372650146	NA	21.290246963501	20.9143695831299	20.5467014312744	20.6779670715332	20.6906394958496	20.7521362304688	NA	20.6583118438721	NA	20.4743709564209	21.4927234649658	NA	20.7618236541748	20.6554336547852	NA	20.8498020172119	21.4216251373291	NA	20.8150329589844
Apolipoprotein M	24.9809379577637	24.6037673950195	26.5777320861816	25.205904006958	25.3531627655029	25.0905113220215	25.5980129241943	25.9808940887451	23.0554161071777	26.2373752593994	26.5655517578125	25.5605163574219	26.6398944854736	23.644495010376	26.6746520996094	25.6797885894775	25.8286628723145	25.6560554504395	24.7063026428223	25.8947429656982	26.9542694091797	25.2044506072998	26.9669723510742	24.9591217041016	26.0623760223389	26.4817142486572	23.7868614196777	26.2221412658691	25.7297229766846	25.8798198699951	NA	26.6492443084717	23.379280090332
Ceruloplasmin	21.9361782073975	20.6973571777344	21.0819339752197	21.9249534606934	22.1787967681885	21.7791652679443	21.9881858825684	20.7112064361572	21.6216278076172	20.3798351287842	20.3091926574707	21.1439514160156	20.6180019378662	NA	20.1896648406982	20.9795951843262	21.886137008667	21.0328826904297	21.5967788696289	20.216438293457	NA	21.6956176757813	NA	22.3075256347656	21.1576461791992	NA	20.8982200622559	20.6504459381104	NA	19.721155166626	21.3583698272705	NA	21.7664413452148
Prothrombin;Activation peptide fragment 1;Activation peptide fragment 2;Thrombin light chain;Thrombin heavy chain	23.4601402282715	23.7029266357422	24.417896270752	23.6166114807129	23.655782699585	23.1163883209229	23.9296741485596	23.6860294342041	22.4538249969482	23.655891418457	24.2429981231689	24.3058433532715	23.7375831604004	NA	23.6115550994873	23.0199813842773	23.4987487792969	24.1148166656494	23.528980255127	23.5692939758301	23.9779720306396	24.2847499847412	23.3775596618652	22.1401176452637	24.6631870269775	22.2289066314697	23.1103782653809	24.3048686981201	NA	23.7320022583008	23.7812671661377	23.5622062683105	23.2134590148926
Haptoglobin;Haptoglobin alpha chain;Haptoglobin beta chain	22.4472045898438	23.7606067657471	22.7928485870361	22.360969543457	23.0090160369873	22.4855442047119	22.564603805542	23.8591804504395	22.6913204193115	22.9620819091797	23.0844497680664	22.5621147155762	22.4510860443115	NA	23.3134059906006	22.6043109893799	23.0309638977051	22.296028137207	22.3235015869141	23.3271789550781	23.4526195526123	21.7546653747559	24.7290477752686	22.4527950286865	21.8275299072266	24.7675933837891	22.201379776001	22.1806507110596	24.5015449523926	23.3200340270996	22.6635112762451	24.3947334289551	22.4903011322021
Haptoglobin-related protein	20.8929691314697	19.7674770355225	NA	20.7592258453369	NA	20.5952320098877	20.7511558532715	NA	20.7027778625488	21.5409450531006	21.0489311218262	22.0996971130371	21.0111351013184	NA	21.3365268707275	21.7371082305908	19.9345951080322	20.5161457061768	21.5060577392578	19.9504871368408	NA	20.135082244873	20.3379955291748	20.394458770752	20.5291709899902	NA	20.3927822113037	20.9662780761719	NA	21.2529773712158	20.3743267059326	NA	20.638298034668
Plasminogen;Plasmin heavy chain A;Activation peptide;Angiostatin;Plasmin heavy chain A, short form;Plasmin light chain B	23.4576377868652	23.0064506530762	22.5544986724854	22.9766960144043	24.4820384979248	23.6770210266113	22.8063068389893	23.4387283325195	23.6176204681396	21.077507019043	23.5176124572754	22.5879726409912	22.8028793334961	NA	22.5913791656494	21.9201984405518	24.0717754364014	23.2440586090088	21.9828720092773	23.503246307373	21.6579208374023	23.271276473999	NA	23.7068290710449	23.7633438110352	NA	23.685920715332	22.9121246337891	NA	23.2045631408691	23.0991840362549	20.8214321136475	23.6306762695313
Coagulation factor XII;Coagulation factor XIIa heavy chain;Beta-factor XIIa part 1;Coagulation factor XIIa light chain	21.8595790863037	21.8884429931641	20.9390506744385	21.5810928344727	21.6367053985596	21.5445346832275	22.0287418365479	22.2625293731689	22.1240158081055	20.5489616394043	20.9531192779541	21.7683811187744	NA	NA	21.9017963409424	21.0921669006348	21.2876567840576	21.446928024292	21.8475856781006	21.3447284698486	20.2325706481934	21.3640995025635	21.3975944519043	21.4535236358643	22.8256301879883	NA	21.5217628479004	22.5421028137207	20.6028614044189	21.5154724121094	21.4058742523193	NA	22.423677444458
Antithrombin-III	20.5782833099365	20.5151844024658	21.5330276489258	21.1182594299316	20.5821495056152	20.8426856994629	21.1499786376953	20.6654434204102	21.9452095031738	21.682559967041	20.6151294708252	21.4954109191895	20.2916526794434	NA	21.1634311676025	21.6266708374023	20.5870113372803	20.1134986877441	21.5201816558838	21.2655639648438	21.6913642883301	20.9283905029297	21.7621479034424	20.9369678497314	20.4241905212402	21.2726440429688	21.6630554199219	21.0583438873291	21.2071113586426	22.247974395752	20.6257801055908	21.4291553497314	22.3281383514404
Alpha-1-antitrypsin;Short peptide from AAT	23.611780166626	23.7230701446533	27.86301612854	24.0768375396729	23.5150871276855	24.4936275482178	23.9270534515381	23.9798049926758	24.659107208252	25.5359954833984	25.186351776123	26.4481201171875	24.9386749267578	25.146936416626	25.2716674804688	24.8242988586426	23.0014762878418	24.798921585083	24.1616954803467	23.9670162200928	26.566219329834	23.5756549835205	25.4672164916992	24.2985897064209	24.0269870758057	25.7954082489014	25.0343112945557	24.2684230804443	25.3894920349121	26.1768741607666	24.2303009033203	26.3584537506104	25.3964977264404
Alpha-1-antichymotrypsin;Alpha-1-antichymotrypsin His-Pro-less	20.6960849761963	20.2977085113525	22.4683170318604	20.618091583252	20.5334548950195	21.4963855743408	21.122688293457	21.0212020874023	21.8248138427734	21.8752269744873	21.8882942199707	20.9508438110352	21.4245491027832	NA	22.2704200744629	21.2476558685303	19.8519840240479	21.3319969177246	20.7626342773438	20.4664268493652	22.9807453155518	20.1811962127686	22.6074066162109	21.2758293151855	20.2756023406982	23.2799434661865	21.4711990356445	20.5635566711426	22.1933403015137	22.1881561279297	21.2676239013672	22.1747798919678	22.1996726989746
Complement C3;Complement C3 beta chain;C3-beta-c;Complement C3 alpha chain;C3a anaphylatoxin;Acylation stimulating protein;Complement C3b alpha chain;Complement C3c alpha chain fragment 1;Complement C3dg fragment;Complement C3g fragment;Complement C3d fragment;Complement C3f fragment;Complement C3c alpha chain fragment 2	24.8067588806152	24.0810718536377	23.4961910247803	24.2731990814209	25.5167713165283	24.0205574035645	24.2454681396484	24.1176719665527	24.234691619873	22.6761817932129	23.2278785705566	23.3152046203613	23.7531776428223	NA	22.7168254852295	23.0810394287109	24.9306659698486	23.1872653961182	23.4642601013184	23.5552005767822	22.4306354522705	23.7993659973145	21.6651840209961	24.7311229705811	24.0225067138672	NA	24.3062610626221	23.2627010345459	19.5211029052734	22.9567928314209	23.9234313964844	20.8642349243164	23.9136943817139
Kininogen-1;Kininogen-1 heavy chain;T-kinin;Bradykinin;Lysyl-bradykinin;Kininogen-1 light chain;Low molecular weight growth-promoting factor	23.0616912841797	22.9271621704102	23.2738380432129	23.1021823883057	22.4749164581299	23.2661361694336	23.6600341796875	22.886360168457	23.6912574768066	23.8637237548828	23.4036655426025	23.366397857666	23.4230365753174	NA	23.5870342254639	23.2356262207031	22.2868099212646	23.5233669281006	23.1341114044189	23.1558876037598	23.8827838897705	23.2198677062988	24.0104351043701	22.7406330108643	23.4781551361084	23.83180809021	24.0471019744873	23.1678009033203	23.5982112884521	23.679386138916	22.7850856781006	23.7303447723389	23.9652557373047
Immunoglobulin J chain	19.2025871276855	19.6450881958008	20.5121002197266	19.0755367279053	18.9092082977295	18.6243877410889	19.7150173187256	19.4420642852783	NA	19.6967468261719	19.5358867645264	19.4897384643555	19.4013080596924	NA	19.7729778289795	NA	19.1784019470215	18.6223163604736	18.8633880615234	19.1185512542725	20.4343070983887	19.0958137512207	20.6480770111084	18.6485328674316	18.9404277801514	NA	NA	19.3674736022949	NA	18.4227962493896	19.569465637207	NA	NA
Ig kappa chain C region	24.1909160614014	23.8168506622314	23.1406478881836	24.3955173492432	23.2326145172119	23.3443508148193	24.871265411377	24.2837619781494	21.9700393676758	25.0590782165527	23.3179664611816	24.7002296447754	24.4256649017334	NA	24.4108638763428	24.6086826324463	23.6713085174561	24.2670669555664	24.3752422332764	23.5355205535889	23.1896800994873	24.5163497924805	23.1055755615234	22.291820526123	24.4506072998047	22.311882019043	22.1571521759033	24.734899520874	23.3825817108154	22.1321353912354	25.058666229248	22.1472473144531	21.5401878356934
Ig mu chain C region	22.1719131469727	22.833044052124	20.7256717681885	22.1867980957031	22.5827236175537	21.9677200317383	22.1932201385498	22.8225593566895	21.755521774292	22.2068729400635	21.8187427520752	22.549783706665	22.7231121063232	NA	22.0484657287598	22.3354911804199	22.6561317443848	21.8641967773438	21.9893646240234	22.2640476226807	20.3490562438965	21.7272930145264	20.4706039428711	21.9285717010498	22.1382122039795	19.8201999664307	22.0789737701416	22.0550365447998	20.7513179779053	20.9796657562256	22.579158782959	NA	22.1283321380615
Apolipoprotein A-I;Proapolipoprotein A-I;Truncated apolipoprotein A-I	32.1997299194336	32.6032638549805	33.4658699035645	32.0463180541992	31.3910007476807	30.3946838378906	33.0181846618652	32.8752746582031	27.8351497650146	33.2513809204102	31.8631553649902	32.1708679199219	31.6214351654053	31.5259857177734	32.3421516418457	32.5416946411133	32.3358573913574	31.0880947113037	32.4578475952148	32.7547187805176	32.8387222290039	30.2288284301758	34.3709449768066	30.035774230957	32.978931427002	34.6151123046875	28.5583724975586	33.2334938049316	34.2876777648926	29.0361156463623	32.5718803405762	34.004955291748	27.8611812591553
Apolipoprotein E	26.6032867431641	27.8662624359131	29.7154502868652	26.6003112792969	27.70285987854	27.1218872070313	26.5966205596924	27.4697971343994	24.4509220123291	28.2235221862793	27.5762901306152	26.85910987854	27.1012935638428	24.2250118255615	27.7162036895752	27.1048965454102	27.1347694396973	27.5502471923828	26.6517105102539	27.3553981781006	29.4249439239502	25.9562435150146	28.2773723602295	27.0291786193848	26.1737899780273	28.4888019561768	24.7355709075928	26.5177478790283	28.1249465942383	26.9245643615723	26.9879360198975	28.123664855957	24.4796352386475
Apolipoprotein A-II;Proapolipoprotein A-II;Truncated apolipoprotein A-II	NA	23.671199798584	25.0705871582031	21.0818691253662	22.4834785461426	22.5534915924072	NA	23.5173721313477	21.5146541595459	23.3582363128662	23.6681728363037	21.3229522705078	23.4250869750977	NA	23.3398723602295	22.1538467407227	22.4146499633789	23.0165348052979	22.5463733673096	23.6542530059814	24.456823348999	21.1536312103271	26.0621280670166	22.2459754943848	22.6020469665527	26.1462574005127	22.0421657562256	22.9406471252441	25.4452171325684	22.4037704467773	22.1660079956055	25.3881454467773	21.392520904541
Fibrinogen alpha chain;Fibrinopeptide A;Fibrinogen alpha chain	26.1483535766602	26.6990909576416	27.93044090271	26.25075340271	26.2112808227539	27.2594356536865	26.5846290588379	26.6519832611084	26.8395404815674	26.5552883148193	27.4064903259277	26.6828441619873	26.6332569122314	NA	27.3090400695801	26.9473743438721	26.190559387207	27.2203884124756	27.3412990570068	26.5366630554199	26.9395484924316	27.3623561859131	24.4214973449707	26.2168407440186	28.1491394042969	23.6787414550781	27.4003143310547	27.2594356536865	24.4026260375977	27.0917434692383	26.4275035858154	24.6829242706299	27.1080913543701
Fibrinogen beta chain;Fibrinopeptide B;Fibrinogen beta chain	26.2817478179932	27.5526676177979	25.2779235839844	26.5214519500732	26.5087108612061	28.9217853546143	25.6933860778809	27.588493347168	28.4130859375	27.9568195343018	27.2584476470947	27.9659271240234	25.6061992645264	26.6102046966553	28.3217811584473	28.4629898071289	26.2815704345703	28.4060859680176	28.1146087646484	27.0603370666504	25.9902305603027	28.6302375793457	25.0403022766113	25.8693599700928	28.600170135498	NA	28.5766868591309	28.527795791626	25.1599254608154	27.1076927185059	27.57737159729	NA	27.664041519165
Fibrinogen gamma chain	26.0193920135498	25.4651012420654	26.1368827819824	26.6968383789063	26.8935394287109	28.9295673370361	25.2920379638672	27.8101100921631	28.9241962432861	27.2274761199951	28.4521865844727	28.0816211700439	27.6560821533203	24.7635478973389	28.2998561859131	28.2897357940674	26.7820682525635	28.7475605010986	27.5526676177979	27.2719535827637	26.5725936889648	28.2257766723633	25.5597877502441	27.2162303924561	28.367280960083	25.8832969665527	28.8421211242676	28.1787357330322	25.5925197601318	28.631591796875	27.2336139678955	25.2072467803955	28.6081962585449
Serum amyloid P-component;Serum amyloid P-component(1-203)	24.9543800354004	23.7265033721924	23.0313358306885	25.2657794952393	24.7509803771973	24.581241607666	24.2280254364014	24.3932285308838	23.1743087768555	23.602294921875	22.5455017089844	24.3095245361328	22.7149410247803	NA	22.2916793823242	24.2026958465576	24.301383972168	23.3598442077637	25.1986179351807	22.9848880767822	21.9874229431152	24.2045631408691	22.2641334533691	24.7706718444824	25.0512981414795	20.5567455291748	22.0527820587158	23.6831398010254	20.8240756988525	21.7861232757568	23.5172519683838	19.2843723297119	22.721715927124
Complement C1q subcomponent subunit C	19.9348831176758	19.2028274536133	19.311544418335	20.6186294555664	20.1698665618896	20.5898494720459	19.0651321411133	19.729528427124	18.8969650268555	18.6147880554199	19.7120971679688	18.9527645111084	21.8420333862305	NA	18.8905963897705	19.8571434020996	19.954610824585	20.2551116943359	19.3934326171875	19.5238227844238	18.6398696899414	19.6105785369873	NA	20.9918918609619	20.6992225646973	NA	19.782112121582	18.9953193664551	NA	19.2437000274658	19.633960723877	NA	19.2194900512695
Complement component C9;Complement component C9a;Complement component C9b	22.2596015930176	21.3957138061523	22.0262107849121	22.2728424072266	22.7153186798096	23.0346965789795	21.1396484375	21.4602890014648	22.2439136505127	19.3481712341309	20.7775611877441	21.0299205780029	22.122278213501	NA	19.8809757232666	21.0081958770752	22.0254669189453	22.1414279937744	21.4847316741943	20.9800148010254	20.3447284698486	20.9902305603027	18.9628219604492	23.3240242004395	21.91721534729	NA	21.9309921264648	20.4077949523926	NA	20.1379623413086	21.4678707122803	NA	22.2029037475586
Beta-2-glycoprotein 1	21.375545501709	22.2797164916992	22.2171783447266	21.2903022766113	21.4806461334229	21.0255336761475	22.1875534057617	22.4052257537842	21.9773616790771	23.1313037872314	21.6635780334473	22.0100765228271	21.1297492980957	NA	22.1990146636963	21.5234870910645	21.1337032318115	20.7745876312256	22.0735244750977	21.5341682434082	22.582540512085	21.1162929534912	20.9099102020264	21.0571537017822	20.6113529205322	NA	21.3407688140869	21.3883743286133	20.9716186523438	22.6704235076904	21.6039485931396	21.8394203186035	22.7373142242432
Fibronectin;Anastellin;Ugl-Y1;Ugl-Y2;Ugl-Y3	19.937183380127	NA	21.6118030548096	20.3095245361328	19.1580028533936	20.5522480010986	20.7558879852295	NA	19.4199199676514	18.9850406646729	19.2347469329834	18.8239517211914	19.3435363769531	NA	19.0112991333008	19.8246974945068	18.9853191375732	19.9366092681885	20.6223888397217	NA	19.3304214477539	20.8521671295166	NA	18.9765644073486	21.5322189331055	NA	19.1303901672363	20.307746887207	NA	19.2795963287354	17.9246273040771	NA	18.9895114898682
Retinol-binding protein 4;Plasma retinol-binding protein(1-182);Plasma retinol-binding protein(1-181);Plasma retinol-binding protein(1-179);Plasma retinol-binding protein(1-176)	19.015115737915	19.4590396881104	18.269474029541	18.8262500762939	NA	18.2691535949707	18.9673042297363	19.1430797576904	17.5944843292236	18.9871520996094	19.0669460296631	19.0659732818604	19.0866451263428	NA	18.8526401519775	19.0001697540283	18.7158889770508	18.8197174072266	19.2607040405273	19.1620922088623	NA	18.5476245880127	NA	18.4958400726318	18.5599594116211	NA	17.0692825317383	18.1571884155273	NA	18.7124671936035	18.7192344665527	NA	NA
Protein AMBP;Alpha-1-microglobulin;Inter-alpha-trypsin inhibitor light chain;Trypstatin	20.7991485595703	20.2113361358643	21.3106346130371	20.4041595458984	20.4647331237793	20.2732124328613	20.4419231414795	20.1195888519287	19.7530498504639	20.064474105835	NA	19.8905086517334	20.5629997253418	NA	20.8634777069092	20.2088394165039	19.7333068847656	19.7780418395996	20.285343170166	19.8481369018555	21.7641353607178	20.1334533691406	NA	20.9665584564209	20.7902660369873	NA	20.3567047119141	20.0819988250732	NA	20.2692222595215	20.3736896514893	NA	20.0346965789795
Alpha-2-HS-glycoprotein;Alpha-2-HS-glycoprotein chain A;Alpha-2-HS-glycoprotein chain B	23.3122978210449	24.11354637146	24.6207008361816	23.357027053833	23.8162651062012	23.911319732666	24.4102172851563	24.3038234710693	23.8333530426025	25.0418071746826	25.2095165252686	24.4600143432617	23.5768089294434	NA	24.8422050476074	24.4429740905762	23.0064334869385	24.9699172973633	23.5732307434082	24.2664222717285	26.0446434020996	23.4647579193115	26.0021934509277	23.3223743438721	24.3547439575195	25.5459842681885	24.2894020080566	24.1914443969727	25.2158985137939	24.8077411651611	23.4602642059326	26.4259357452393	25.5843124389648
Platelet basic protein;Connective tissue-activating peptide III;TC-2;Connective tissue-activating peptide III(1-81);Beta-thromboglobulin;Neutrophil-activating peptide 2(74);Neutrophil-activating peptide 2(73);Neutrophil-activating peptide 2;TC-1;Neutrophil-activating peptide 2(1-66);Neutrophil-activating peptide 2(1-63)	19.6751270294189	21.2617835998535	24.0005836486816	19.5439109802246	21.9086647033691	19.7986106872559	20.6923427581787	22.1311931610107	19.8143291473389	20.69140625	21.9166316986084	19.9625396728516	19.7441577911377	NA	22.9735298156738	19.7487335205078	21.5255432128906	21.8273754119873	22.8826904296875	22.3619346618652	24.5412044525146	NA	23.5162906646729	20.1641063690186	20.1912326812744	21.7983570098877	19.1339550018311	21.3772945404053	21.3356533050537	21.4524688720703	20.9920997619629	23.8883686065674	20.0051155090332
Serotransferrin	22.0537109375	22.3138198852539	NA	22.2393760681152	22.2226715087891	21.9926528930664	22.5855464935303	22.4436950683594	22.4717445373535	20.9337310791016	21.869966506958	22.432243347168	22.3735294342041	NA	22.4316062927246	21.500768661499	22.0568885803223	21.748987197876	21.5277404785156	22.3404979705811	NA	22.2456855773926	18.9406299591064	22.0891952514648	22.0393905639648	NA	22.1779460906982	21.8515186309814	NA	22.2935886383057	22.9927749633789	NA	21.9138965606689
Hemopexin	20.7204208374023	20.3289337158203	20.1137523651123	20.8598442077637	20.5787448883057	20.5773620605469	21.0972557067871	21.06032371521	21.0738506317139	21.993034362793	20.3474349975586	20.9758224487305	20.9167766571045	NA	21.6163864135742	21.381420135498	19.967191696167	20.5714492797852	20.9296188354492	20.175968170166	20.7375221252441	20.4849281311035	21.5347385406494	20.0855045318604	20.2146606445313	22.2405109405518	21.4542274475098	20.9049968719482	21.7824478149414	21.1594333648682	21.7664413452148	20.1266632080078	21.192497253418
C4b-binding protein alpha chain	23.6443843841553	NA	22.1280498504639	23.4655055999756	23.2981014251709	22.7790050506592	22.1473712921143	21.8502597808838	23.0656414031982	20.766845703125	20.0812187194824	22.9266738891602	20.8970394134521	NA	20.8297386169434	21.9759635925293	22.5346908569336	22.3497314453125	22.9409866333008	21.1948432922363	21.6799011230469	23.2499580383301	NA	24.0725917816162	21.5754718780518	NA	22.772777557373	NA	NA	20.7487010955811	22.120475769043	NA	23.1298580169678
Vitronectin;Vitronectin V65 subunit;Vitronectin V10 subunit;Somatomedin-B	25.1038951873779	25.4967384338379	26.5563564300537	24.1909160614014	NA	25.4632625579834	25.910083770752	25.4344711303711	26.3450450897217	26.0783462524414	25.4699516296387	25.3490829467773	23.8614540100098	NA	26.5767230987549	23.9176158905029	25.8912220001221	25.9582138061523	25.6239395141602	25.8329906463623	26.7990951538086	25.5536212921143	24.3050079345703	23.8510990142822	24.0803394317627	NA	26.2470073699951	25.3838996887207	23.6499843597412	25.7982540130615	24.9309825897217	24.2929153442383	26.8243236541748
Apolipoprotein B-100;Apolipoprotein B-48	25.4026908874512	23.1416454315186	23.617733001709	25.0625820159912	24.3819217681885	24.1829090118408	24.6171169281006	22.6174869537354	24.3349723815918	22.332462310791	22.5212593078613	23.2458591461182	20.3466777801514	NA	23.3970203399658	23.0890331268311	23.7562351226807	22.6993083953857	23.9775352478027	21.8980731964111	23.471471786499	24.8026237487793	22.1198425292969	25.7037448883057	21.630542755127	NA	22.9519824981689	23.0245704650879	19.2905502319336	23.1299686431885	23.1805744171143	22.3005886077881	24.5884647369385
Histidine-rich glycoprotein	24.1275463104248	25.0205574035645	24.4877529144287	24.4105396270752	23.9641094207764	22.8128604888916	25.3430290222168	25.0839557647705	23.8641014099121	24.6901912689209	23.3262195587158	24.3850212097168	23.3448925018311	24.7150249481201	23.8804492950439	24.38942527771	25.0091953277588	23.3772945404053	24.6125679016113	25.0138034820557	24.3743133544922	24.3020820617676	25.2461929321289	21.931713104248	24.4356174468994	23.3737163543701	23.6977405548096	25.0336380004883	23.6374359130859	22.8273372650146	24.6342811584473	24.6042194366455	23.7791652679443
Glyceraldehyde-3-phosphate dehydrogenase	21.7824878692627	23.052152633667	20.8941555023193	22.1005630493164	20.9845409393311	21.5783767700195	22.0509243011475	21.5372524261475	20.9987945556641	21.856466293335	22.2091960906982	21.1660079956055	23.2759704589844	NA	22.0309314727783	22.5288143157959	23.2095680236816	22.4441738128662	21.9776058197021	23.1577529907227	20.9949340820313	21.7961807250977	21.515905380249	21.4416694641113	23.4047069549561	20.2228183746338	21.8351860046387	22.6271839141846	20.9761734008789	22.4416446685791	22.9571113586426	20.3449459075928	21.8172607421875
Apolipoprotein D	25.1649589538574	24.8255615234375	24.9524269104004	25.3651962280273	24.001184463501	25.0692768096924	25.6020965576172	24.8519096374512	23.8779258728027	26.1157894134521	25.7808170318604	25.6291198730469	26.3735504150391	23.9248809814453	26.1430282592773	25.9366989135742	24.5153274536133	25.0687446594238	25.3543395996094	25.0822086334229	26.1004104614258	24.8666515350342	26.0237121582031	24.922477722168	25.8034114837646	26.1074333190918	24.1706619262695	25.6070175170898	25.3374252319336	25.3407554626465	25.6244411468506	25.792854309082	24.2278785705566
Gelsolin	22.6570262908936	22.8330249786377	21.9925498962402	22.7411689758301	22.9046096801758	23.3659973144531	23.2426357269287	22.9974346160889	23.4388561248779	22.4938468933105	22.8683471679688	22.4541759490967	23.854621887207	NA	23.3280029296875	22.5006217956543	22.8248138427734	23.1423320770264	23.024097442627	23.0195236206055	21.2259979248047	22.7665023803711	19.9746322631836	23.1505813598633	23.4458179473877	NA	23.2351589202881	23.3095245361328	19.9237861633301	22.8323879241943	22.771951675415	20.7211723327637	23.4563846588135
Apolipoprotein A-IV	27.3274021148682	28.596549987793	28.2959651947021	27.7119445800781	28.1285400390625	28.4288215637207	27.8309860229492	28.9282112121582	26.6959095001221	28.5067672729492	28.953519821167	27.699686050415	28.7117137908936	24.8537197113037	27.9534931182861	27.7790012359619	28.0012054443359	28.8986225128174	26.9725704193115	29.3283443450928	28.2825965881348	26.9364070892334	28.7451572418213	27.4596710205078	28.3941116333008	27.9834842681885	26.9147911071777	27.9941005706787	28.2464923858643	27.8048286437988	28.1320743560791	29.1297931671143	26.3700618743896
Complement component C8 alpha chain	20.1883373260498	20.2886142730713	NA	20.0598621368408	20.5119075775146	20.6715030670166	20.6954898834229	20.7350444793701	20.6647491455078	19.5749626159668	20.2879371643066	20.2955799102783	19.6968479156494	NA	20.6070232391357	19.8671340942383	19.5923137664795	20.6742649078369	20.349271774292	20.1497917175293	NA	19.939338684082	NA	20.1230049133301	20.3779315948486	NA	20.349271774292	20.1397113800049	NA	20.4782276153564	20.0874481201172	NA	20.6646633148193
Calpain-1 catalytic subunit	18.7014083862305	20.4448566436768	NA	18.9668827056885	20.2856826782227	19.6301956176758	19.3776969909668	20.1104431152344	19.7950630187988	19.0066776275635	19.8424396514893	18.7339019775391	19.9129543304443	NA	20.2842140197754	18.7861862182617	20.1169281005859	20.3002815246582	18.7842712402344	20.1895446777344	NA	19.2846202850342	19.6055774688721	19.3231830596924	NA	NA	20.7216739654541	19.171895980835	NA	20.4533233642578	19.5930080413818	18.7092723846436	20.2066955566406
Apolipoprotein(a)	20.2562637329102	17.8743572235107	23.9483318328857	18.5953598022461	17.8442039489746	25.3110160827637	19.4990158081055	NA	25.111198425293	20.258451461792	22.5581703186035	20.0120906829834	19.7138595581055	NA	24.9948120117188	18.1082496643066	19.7244911193848	22.8365154266357	21.1530132293701	NA	26.1768741607666	20.5333595275879	NA	24.1550674438477	NA	NA	21.5868740081787	NA	NA	22.0389556884766	17.064868927002	19.0719013214111	23.8990135192871
Complement factor H	23.1886100769043	22.1479606628418	21.782527923584	23.1419410705566	23.0848236083984	23.2775325775146	23.1288833618164	22.0794296264648	23.1949634552002	20.6074752807617	22.5934314727783	22.4419994354248	23.5472202301025	NA	21.8068370819092	21.4012985229492	22.9661884307861	23.084774017334	22.5177574157715	22.2790069580078	20.9453525543213	22.6719779968262	NA	23.70334815979	23.0740795135498	NA	22.9748439788818	21.0967407226563	NA	21.4490966796875	22.3713245391846	NA	22.5564651489258
Alpha-2-antiplasmin	20.0576171875	20.4675216674805	21.0913906097412	20.1815605163574	20.6166572570801	20.273099899292	20.4230632781982	20.6843166351318	20.7791652679443	20.4139003753662	20.5839862823486	20.668909072876	20.098669052124	NA	20.3816318511963	20.3671970367432	20.4189529418945	20.6628379821777	20.8692150115967	20.6973571777344	20.4761524200439	20.6218509674072	19.64772605896	20.0937786102295	20.3975944519043	NA	20.4825668334961	20.264533996582	NA	20.71506690979	20.6574401855469	20.1825294494629	21.4672241210938
Complement C4-B;Complement C4 beta chain;Complement C4-B alpha chain;C4a anaphylatoxin;C4b-B;C4d-B;Complement C4 gamma chain	24.4606399536133	23.7196273803711	21.7249641418457	24.2166004180908	25.0331344604492	23.9798049926758	22.8843307495117	24.1629238128662	22.9604034423828	23.9717597961426	21.5258312225342	23.8719234466553	22.8610382080078	NA	22.8571891784668	23.3964977264404	25.7018699645996	23.5710315704346	23.4798812866211	24.0788745880127	22.7332439422607	24.2815704345703	21.7103233337402	24.3107738494873	25.1024951934814	NA	24.4831466674805	24.4205341339111	21.3654365539551	20.7716884613037	24.7247352600098	NA	21.2667083740234
P0DOY2;P0DOY3	23.7817687988281	23.8748340606689	25.19944190979	23.5673236846924	23.6043338775635	23.7842674255371	24.345027923584	23.9822444915771	22.0484981536865	NA	24.4487190246582	24.0596961975098	24.2543621063232	NA	24.6927471160889	23.7681999206543	23.2032623291016	23.8229885101318	23.8436431884766	23.5701065063477	24.6214275360107	23.504337310791	23.889669418335	NA	NA	23.2961406707764	NA	NA	23.389949798584	23.9340915679932	24.467435836792	23.1758766174316	22.1702938079834
Clusterin;Clusterin beta chain;Clusterin alpha chain;Clusterin	25.8547897338867	26.4917030334473	29.2057609558105	26.5281600952148	25.7933502197266	26.1103229522705	26.7790641784668	26.0870342254639	25.6061420440674	26.8864631652832	26.7638263702393	26.4017639160156	26.6533508300781	24.3725872039795	27.202564239502	26.6835136413574	25.8749504089355	26.5589122772217	26.7943916320801	26.2017230987549	28.9297351837158	26.0589332580566	27.8940010070801	25.8656845092773	26.2185230255127	26.3675479888916	24.892219543457	26.4141273498535	26.1884651184082	25.6501502990723	26.2452869415283	27.0538272857666	25.277214050293
Vinculin	19.9640922546387	21.4844875335693	19.1861877441406	20.8530044555664	20.5614147186279	20.1404609680176	20.884126663208	20.9944496154785	20.2956924438477	20.8550605773926	20.7056484222412	19.7466850280762	20.5109424591064	NA	20.2673950195313	20.5251617431641	21.3300838470459	20.9851665496826	20.5456657409668	21.0145435333252	20.9474945068359	20.5212364196777	NA	19.9614105224609	21.5420322418213	NA	20.4062385559082	21.1226253509521	NA	20.8170642852783	21.1476192474365	20.073917388916	20.7078418731689
Inter-alpha-trypsin inhibitor heavy chain H2	20.7497653961182	18.8578414916992	21.4370536804199	20.7313194274902	20.864839553833	20.4278774261475	20.9875965118408	18.5014877319336	19.9604206085205	19.1034164428711	19.7403087615967	19.1969566345215	20.439489364624	NA	19.9116821289063	18.9784641265869	20.1725540161133	20.1108245849609	19.8441257476807	19.3447723388672	19.2363357543945	20.0760059356689	NA	20.8419933319092	20.5055255889893	NA	20.9233207702637	19.9025249481201	NA	19.8608150482178	19.6016120910645	NA	20.0963554382324
Inter-alpha-trypsin inhibitor heavy chain H1	20.2132377624512	19.3909797668457	19.5632038116455	20.3945636749268	21.019437789917	19.9577312469482	19.5181846618652	19.2764205932617	20.2365474700928	18.4570770263672	19.1641063690186	18.3935165405273	19.8659725189209	NA	18.6946563720703	19.2633647918701	20.1915950775146	19.1872024536133	19.4948444366455	19.5266704559326	19.3500938415527	20.0244522094727	NA	21.0792655944824	20.7399120330811	NA	20.6907253265381	19.1561527252197	NA	19.0829086303711	19.5671272277832	NA	19.9632453918457
C4b-binding protein beta chain	22.9180335998535	21.2740669250488	24.3351764678955	22.645637512207	21.7984371185303	21.9331188201904	22.9404315948486	21.9110088348389	22.1283645629883	22.5994148254395	21.9753684997559	23.17506980896	NA	NA	21.8874015808105	21.8875885009766	21.3743801116943	21.4359855651855	23.0135898590088	21.2060985565186	24.5902938842773	22.1328887939453	NA	22.8182544708252	20.3657035827637	22.5537261962891	21.4011421203613	19.9887065887451	22.2180061340332	20.7485370635986	21.6690826416016	21.6081066131592	22.4820022583008
Filamin-A	19.2826995849609	20.6655311584473	20.2872619628906	20.0359058380127	21.00710105896	20.9723205566406	20.1403350830078	19.5264987945557	20.4745693206787	21.241792678833	20.2812728881836	20.3967590332031	20.7369441986084	NA	19.5729484558105	19.1951789855957	20.6509704589844	20.7395820617676	19.1494197845459	19.6073665618896	19.4419231414795	20.1536312103271	NA	20.5860042572021	19.5754432678223	NA	21.7453804016113	18.887565612793	NA	19.8924369812012	20.1602954864502	NA	21.4399967193604
Cofilin-1	19.7161064147949	20.8661975860596	21.285737991333	19.3962154388428	19.7208728790283	18.9737644195557	20.1496677398682	20.5838031768799	NA	19.9426345825195	21.4697093963623	19.223596572876	19.5330181121826	NA	20.5293617248535	19.7640285491943	19.8866577148438	20.6867122650146	19.8438968658447	20.23268699646	21.8503360748291	19.1963577270508	21.7296600341797	18.7769336700439	20.1977252960205	20.554874420166	NA	19.8948802947998	21.4056148529053	20.0756149291992	20.0793952941895	20.5622539520264	NA
Serum paraoxonase/arylesterase 1	25.647819519043	25.533561706543	23.9172515869141	25.8760280609131	25.2696723937988	25.4314136505127	25.102014541626	25.511079788208	24.9875011444092	26.0268383026123	24.8621635437012	25.7012348175049	26.0267124176025	23.4555072784424	25.0330085754395	25.8036346435547	25.3559188842773	25.3036499023438	25.6005668640137	25.7327785491943	23.7267112731934	25.454252243042	24.533561706543	24.8849277496338	26.4306335449219	24.1703548431396	25.4227161407471	25.8094348907471	23.9184341430664	24.7429885864258	25.9741249084473	23.3492183685303	24.9412746429443
Insulin-like growth factor-binding protein complex acid labile subunit	18.5237846374512	18.2243976593018	19.8354549407959	18.7223739624023	18.2342567443848	18.2736225128174	18.4899730682373	18.1918601989746	19.1296100616455	19.0844650268555	19.2052154541016	18.8541622161865	18.7810077667236	NA	19.5390911102295	19.0383186340332	NA	18.4713973999023	19.1559543609619	18.064079284668	19.8911762237549	18.7891521453857	18.3235569000244	18.6874980926514	19.0429744720459	NA	18.0567970275879	19.0366840362549	NA	19.7243232727051	18.4193019866943	19.604907989502	19.5737056732178
Afamin	20.2002429962158	19.6882152557373	21.7771587371826	20.6886768341064	19.7764358520508	19.1566715240479	19.5858573913574	NA	20.1213607788086	21.5171089172363	19.1674423217773	20.073392868042	NA	NA	20.0562934875488	21.3007278442383	19.5643577575684	19.2329921722412	20.8547554016113	19.7257881164551	20.7786026000977	19.9357471466064	NA	NA	19.874927520752	20.7215900421143	19.504322052002	20.6394462585449	20.5774555206299	20.1326999664307	20.2195129394531	20.9043350219727	20.0244522094727
LIM and senescent cell antigen-like-containing domain protein 1	19.8640537261963	21.9647979736328	NA	20.5908546447754	21.6405944824219	20.295804977417	20.1478061676025	21.7115001678467	19.8565807342529	18.5836925506592	NA	18.803129196167	20.203950881958	NA	NA	19.0011329650879	21.249683380127	20.1588172912598	19.6305522918701	21.0220146179199	NA	19.2874412536621	18.6875324249268	20.6432399749756	21.1780376434326	NA	19.7487335205078	19.6069869995117	18.7489128112793	20.5751476287842	20.9861392974854	NA	20.6043109893799
Phospholipid transfer protein	20.1588172912598	19.8691844940186	19.2539348602295	21.4464225769043	18.628381729126	20.6680431365967	22.2810192108154	20.1236362457275	20.0068950653076	22.4243965148926	NA	21.4152946472168	19.572244644165	NA	20.0810890197754	21.0019588470459	20.530029296875	20.2699069976807	21.847204208374	19.9632453918457	19.5703926086426	21.1178150177002	20.4723892211914	19.8867034912109	20.2538433074951	NA	NA	21.4465236663818	19.6208686828613	NA	22.0163478851318	NA	NA
Actin, cytoplasmic 1;Actin, cytoplasmic 1, N-terminally processed	22.1005001068115	22.4657306671143	21.2547664642334	21.9819660186768	21.4924793243408	21.9138221740723	21.7901859283447	22.0681533813477	21.7153606414795	21.4220352172852	22.0836868286133	20.7530345916748	21.9347038269043	NA	21.5217628479004	21.2292881011963	21.9207077026367	22.2543621063232	21.3255882263184	21.9886035919189	22.0521850585938	21.4136943817139	22.1914443969727	21.8922653198242	22.0686130523682	NA	21.7947940826416	22.0643749237061	NA	22.295804977417	22.1047286987305	21.7470207214355	21.7602405548096
14-3-3 protein zeta/delta	19.9168949127197	20.3925724029541	19.959997177124	20.4722900390625	19.5265369415283	19.3998279571533	20.1002101898193	20.2310485839844	NA	20.796932220459	20.2281131744385	20.2271747589111	19.8696517944336	NA	20.5306015014648	20.4277744293213	19.9088554382324	20.4804000854492	20.2393474578857	20.1540031433105	21.3671436309814	19.4892482757568	22.1442623138428	19.0160675048828	21.2537860870361	20.9947948455811	17.8146572113037	NA	20.3475437164307	NA	20.2017993927002	20.9467811584473	17.5646553039551
Tubulin alpha-1B chain;Tubulin alpha-1C chain;Tubulin alpha-1A chain;Tubulin alpha-3E chain	20.9088115692139	21.0120906829834	19.9565982818604	19.9693031311035	21.2445831298828	20.2802543640137	20.0408630371094	20.9588642120361	19.7792930603027	21.0499954223633	21.9564208984375	20.5912189483643	21.8555927276611	25.2088832855225	20.9403419494629	20.2836494445801	20.4711990356445	22.1610946655273	19.8988265991211	20.4256248474121	21.8751907348633	20.2055015563965	21.5833435058594	21.0074443817139	21.2055625915527	NA	20.985860824585	20.3234462738037	19.7261047363281	20.573299407959	20.1594333648682	21.1433277130127	21.4230117797852
Hemoglobin subunit beta;LVV-hemorphin-7;Spinorphin	23.7069358825684	23.7812671661377	26.3869285583496	22.9730224609375	22.9184894561768	24.878345489502	23.2227592468262	23.6795997619629	23.3945369720459	23.2938976287842	24.9441814422607	22.5412998199463	25.0135898590088	NA	24.8782062530518	22.889799118042	23.2387790679932	24.8753032684326	22.6693859100342	23.4506072998047	25.3769969940186	23.8309383392334	23.8962440490723	24.5283851623535	23.6143665313721	23.1306438446045	23.6233253479004	23.7606067657471	22.6554756164551	23.491304397583	23.3242988586426	25.6298980712891	23.6044464111328
Hemoglobin subunit alpha	22.7833881378174	22.8847961425781	25.3055305480957	22.1887607574463	22.3467597961426	23.9993801116943	22.5348796844482	22.2413845062256	22.4633121490479	22.4584884643555	24.1216297149658	22.1776428222656	24.063570022583	NA	23.5186939239502	22.5191249847412	22.5179481506348	23.644495010376	21.8327159881592	22.5506992340088	24.654088973999	22.4642353057861	22.7993469238281	23.4062633514404	22.6285858154297	21.3494338989258	22.1954135894775	22.1266632080078	21.0838165283203	22.4403266906738	22.4016361236572	24.4246387481689	23.7915382385254
Phosphatidylinositol-glycan-specific phospholipase D	21.1524562835693	20.1683979034424	19.9093685150146	21.286247253418	20.0657901763916	21.3398990631104	20.5268821716309	19.5346527099609	21.6743068695068	21.4288997650146	20.60964012146	21.5580081939697	21.4431381225586	NA	20.9123973846436	21.6296539306641	19.9496326446533	21.0543079376221	21.3991088867188	19.3743267059326	21.0489311218262	20.6634464263916	NA	20.7959041595459	21.3536930084229	19.1884098052979	20.6663970947266	21.2096118927002	NA	19.6121635437012	21.5997791290283	NA	21.8958930969238
Complement factor H-related protein 1	21.6802024841309	22.0706119537354	19.55930519104	21.3117446899414	21.6304092407227	20.7790851593018	21.4075870513916	22.0863132476807	20.3734760284424	20.0142707824707	21.044734954834	21.1453819274902	20.8684616088867	NA	20.7568664550781	20.5337409973145	21.4474830627441	20.4412136077881	21.2160835266113	21.7496013641357	19.7497310638428	20.4121437072754	19.8108196258545	20.5563716888428	21.3784599304199	NA	20.2258796691895	20.796537399292	19.7062397003174	20.4743709564209	20.6836318969727	NA	19.9992065429688
Hyaluronan-binding protein 2;Hyaluronan-binding protein 2 50 kDa heavy chain;Hyaluronan-binding protein 2 50 kDa heavy chain alternate form;Hyaluronan-binding protein 2 27 kDa light chain;Hyaluronan-binding protein 2 27 kDa light chain alternate form	22.8916168212891	23.3333358764648	22.498384475708	22.8833427429199	23.0549373626709	22.4732074737549	23.0330848693848	23.0989418029785	22.0014762878418	22.8449649810791	22.4006996154785	23.2552261352539	22.6332054138184	NA	23.4049663543701	22.264476776123	22.5416774749756	22.2183322906494	22.8777370452881	23.036693572998	22.4704551696777	22.7057971954346	19.9647979736328	21.7914981842041	23.4718437194824	NA	22.2921295166016	23.0164833068848	20.4374599456787	22.5160732269287	22.8429527282715	NA	22.6912994384766
Inter-alpha-trypsin inhibitor heavy chain H4;70 kDa inter-alpha-trypsin inhibitor heavy chain H4;35 kDa inter-alpha-trypsin inhibitor heavy chain H4	21.6765899658203	21.9158668518066	20.2288188934326	22.025297164917	22.2242031097412	22.1030311584473	21.7877178192139	22.1271991729736	22.5078964233398	21.4990653991699	20.4860095977783	21.9514484405518	21.6988410949707	NA	21.0538444519043	21.9332275390625	21.7945156097412	21.6068878173828	21.9764175415039	21.8775501251221	19.6825008392334	21.4297676086426	19.2318916320801	22.2042789459229	21.4221897125244	NA	22.2883319854736	21.3483543395996	20.3906860351563	21.0478668212891	21.3400630950928	18.8363647460938	22.5812301635742
Serum paraoxonase/lactonase 3	19.3545112609863	18.9167194366455	18.8182506561279	19.6221027374268	19.241304397583	20.1169281005859	18.0025615692139	19.2440719604492	18.7430725097656	18.2479457855225	NA	18.2191581726074	20.9821739196777	NA	17.9691047668457	19.3404541015625	19.6232986450195	19.6222991943359	18.3490142822266	19.1236610412598	NA	18.4641551971436	NA	19.8199367523193	20.074047088623	NA	19.6771583557129	18.6085586547852	NA	18.8378734588623	19.3333511352539	NA	18.7960453033447
Tubulin beta-1 chain	18.4099292755127	19.1677856445313	NA	18.6513042449951	19.126916885376	18.2192535400391	18.4244365692139	18.8462867736816	18.7925243377686	18.735523223877	19.1191596984863	19.3683700561523	19.0900859832764	NA	18.9515399932861	18.1227264404297	18.2115268707275	19.4672832489014	17.9230613708496	18.3940601348877	18.9017448425293	18.4308204650879	18.5995063781738	18.5738906860352	18.1540260314941	NA	19.2006015777588	18.2463226318359	NA	19.7186164855957	17.9092960357666	NA	19.6368827819824
Beta-parvin	20.779806137085	22.4287967681885	20.2549953460693	21.2728710174561	21.9998607635498	21.360782623291	21.1702327728271	22.4061870574951	20.6481647491455	20.9598541259766	21.4741230010986	20.7167415618896	21.7068729400635	NA	21.6295204162598	21.2357883453369	21.679386138916	21.8356475830078	20.8308219909668	21.883939743042	20.5813217163086	21.1061668395996	21.942419052124	21.0654602050781	21.9457454681396	21.5703830718994	21.0104522705078	21.6201515197754	21.5569324493408	21.6511459350586	21.6023178100586	20.8904476165771	21.3831615447998
EH domain-containing protein 3	18.7870483398438	20.8245429992676	19.9601383209229	19.3575649261475	NA	19.6701889038086	19.2056694030762	20.7443542480469	19.3568782806396	19.5255241394043	20.1611557006836	18.9960651397705	20.3303565979004	NA	20.7567844390869	NA	20.1913528442383	20.3561687469482	19.2513027191162	20.6236381530762	20.9151000976563	19.7405872344971	21.714563369751	19.5760345458984	NA	20.7418060302734	20.3875331878662	20.0964832305908	21.3694896697998	20.7410659790039	NA	22.0179786682129	20.2923259735107
Prenylcysteine oxidase 1	20.4458675384521	NA	NA	20.5406608581543	20.7827682495117	20.420597076416	20.7888336181641	20.9001388549805	20.3543395996094	21.2444667816162	19.6521091461182	21.0163135528564	19.640417098999	NA	20.3722019195557	21.097448348999	20.272985458374	19.8981323242188	20.8436050415039	20.290864944458	NA	20.8298931121826	19.3676242828369	20.1680297851563	20.6772785186768	NA	19.5723190307617	20.4844379425049	19.658992767334	19.9560298919678	20.4207000732422	NA	20.5192222595215
Talin-1	22.2924385070801	20.7200870513916	20.364315032959	22.5350456237793	21.5195579528809	22.3794384002686	22.5183334350586	19.1988048553467	22.1324501037598	20.3734760284424	20.5470790863037	20.7731399536133	20.1499156951904	NA	20.6646633148193	21.171760559082	21.6204204559326	22.2985210418701	21.6651401519775	20.3220157623291	NA	21.8780746459961	NA	22.2115745544434	21.9888114929199	NA	21.5654182434082	NA	NA	19.2153949737549	22.1702327728271	NA	21.0305938720703
